FIELD_NAME,FIELD_TYPE
AGMT_ID,IDENTIFIER
ACC_ID,IDENTIFIER
POU_DT,DATE
FACT_DT,DATE
ISO_FIX_IND,CATEGORICAL
BRANCH_ORIGIN_ID,CATEGORICAL
BROKER_CD,CATEGORICAL
BALANCE_AMT,NUMERIC
ARREARS_AMT,NUMERIC
LAST_ARREARS_DT,DATE
ARREARS_AVG_L6M_AMT,NUMERIC
ARREARS_AVG_L7_12M_AMT,NUMERIC
MAX_ARREARS_AMT_L6M,NUMERIC
MAX_ARREARS_TO_DT_AMT,NUMERIC
TOT_NUM_TIMES_IN_ARREARS_L6M_CNT,NUMERIC
UNDRAWN_AMT,NUMERIC
PCI_BALLOON_AMT,NUMERIC
PCI_BALLOON_EFF_DT,DATE
BILL_DAY,NUMERIC
REPAY_CALC_AMT,NUMERIC
FORB_BILL_AMT,NUMERIC
LAST_BILL_AMT,NUMERIC
LAST_BILL_SUM_LAG1_L3M_AMT,NUMERIC
LAST_BILL_AVG_L3M_AMT,NUMERIC
INS_AMT,NUMERIC
ACC_TYPE_CD,CATEGORICAL
CURRENCY_CD,CATEGORICAL
OPENED_DT,DATE
MATURITY_DT,DATE
MTHS_TO_RUN,NUMERIC
CLOSED_DT,DATE
ORIG_LOAN_AMT,NUMERIC
ORIG_TERM_MTHS,NUMERIC
ORIGIN_SYSTEM,CATEGORICAL
PURPSECTOR_CD,CATEGORICAL
REPAY_FREQ,CATEGORICAL
REPAY_TYPE_CD,CATEGORICAL
INTEREST_RT,NUMERIC
INTEREST_RT_START_DT,DATE
INTEREST_RT_END_DT,DATE
PROBE_CNP_SUM_L3M_AMT,NUMERIC
PROBE_CNP_SUM_L6M_AMT,NUMERIC
PROBE_CNP_SUM_L12M_AMT,NUMERIC
PROBE_CNP_AMT,NUMERIC
AVG_BAL_L3M_AMT,NUMERIC
AVG_BAL_L6M_AMT,NUMERIC
AVG_BAL_L6M_LAG1_AMT,NUMERIC
AVG_BAL_L12M_AMT,NUMERIC
AVG_BAL_L7_12M_AMT,NUMERIC
SFS_DT,DATE
BALANCE_MVMT_AMT,NUMERIC
PAYOUT_AMT,NUMERIC
PAYMENTS_CR_AMT,NUMERIC
PAYMENTS_DR_AMT,NUMERIC
PAYMENTS_CR_CNT,NUMERIC
PAYMENTS_DR_CNT,NUMERIC
PAYMENTS_REV_DR_AMT,NUMERIC
PAYMENTS_REV_CR_AMT,NUMERIC
TRS_AMT,NUMERIC
INTEREST_AMT,NUMERIC
INSURANCE_AMT,NUMERIC
WRITEOFF_AMT,NUMERIC
LOAN_SALE_AMT,NUMERIC
REMEDIATION_AMT,NUMERIC
HGN_BANK_CHARGE_AMT,NUMERIC
LATE_INTEREST_CHARGE_AMT,NUMERIC
EARLY_REDEMPTION_FEE_AMT,NUMERIC
OTHER_FEE_AMT,NUMERIC
COSTS_AMT,NUMERIC
UNPAID_SO_DD_CHG_AMT,NUMERIC
OTHER_CR_AMT,NUMERIC
OTHER_DR_AMT,NUMERIC
TRUE_UP_AMT,NUMERIC
UNPAID_SO_DD_CHG_SUM_L6M_AMT,NUMERIC
AVG_BAL_AT_2_OR_MORE_DELQ_L6M,NUMERIC
APPL_NO,IDENTIFIER
APPL_DT,DATE
APPL_CHANNEL_CD,CATEGORICAL
APPL_RCR,NUMERIC
APPL_LTI_RT,NUMERIC
APPL_PRA,NUMERIC
APPL_BORR_ALL_TOTAL_INC_AMT,NUMERIC
APPL_BORR_TOP2_TOTAL_INC_AMT,NUMERIC
APPL_SAVINGS_AMT,NUMERIC
APPL_DATA_SOURCE,CATEGORICAL
BOR1_CUST_ORDER,CATEGORICAL
BOR1_WORST_ICB_SCORE_EVER,CATEGORICAL
BOR1_RESI_STATUS,CATEGORICAL
BOR1_EMPLOY_STATUS,CATEGORICAL
BOR1_MARITAL_STATUS,CATEGORICAL
BOR1_BONUS_AMT,NUMERIC
BOR1_COMMISSION_AMT,NUMERIC
BOR1_OVERTIME_AMT,NUMERIC
BOR1_OTHER_INCOME_AMT,NUMERIC
BOR1_TOTAL_INC_AMT,NUMERIC
BOR1_MTHS_IN_EMPLOYMENT_CNT,NUMERIC
BOR1_NAT_OF_BIS,CATEGORICAL
BOR1_PREV_LOAN_IND,CATEGORICAL
BOR2_CUST_ORDER,CATEGORICAL
BOR2_CUSTOMER_AGE,CATEGORICAL
BOR2_WORST_ICB_SCORE_EVER,CATEGORICAL
BOR2_RESI_STATUS,CATEGORICAL
BOR2_EMPLOY_STATUS,CATEGORICAL
BOR2_MARITAL_STATUS,CATEGORICAL
BOR2_BONUS_AMT,NUMERIC
BOR2_COMMISSION_AMT,NUMERIC
BOR2_OVERTIME_AMT,NUMERIC
BOR2_OTHER_INCOME_AMT,NUMERIC
BOR2_TOTAL_INC_AMT,NUMERIC
BOR2_MTHS_IN_EMPLOYMENT_CNT,NUMERIC
BOR2_NAT_OF_BIS,CATEGORICAL
BOR2_PREV_LOAN_IND,CATEGORICAL
FB_NEW_TYPE,CATEGORICAL
NON_FB_NEW_TYPE,CATEGORICAL
FB_ACTIVE_TYPE,CATEGORICAL
NON_FB_ACTIVE_TYPE,CATEGORICAL
FB_IRB_STATUS_DESC,CATEGORICAL
FB_ACTIVE_IRB_WRST_RANK,CATEGORICAL
PCKG_DISTR_FORB_TYPE_RANK_DESC,CATEGORICAL
CUST_ALL_FB_WRST_STRIP_CT_RANK,CATEGORICAL
CUST_ALL_FB_WRST_STRIP_CT_STATUS,CATEGORICAL
WORST_DEFAULT_TRIGGER,CATEGORICAL
EVENT_DESCRIPTION,CATEGORICAL
DPD,NUMERIC
MAX_DPD,NUMERIC
HOLD_MTHS,NUMERIC
HOLD_MTHS_REQD,CATEGORICAL
HOLD_NET_PYMTS,NUMERIC
HOLD_PYMTS_REQD,NUMERIC
PERF_MTHS,NUMERIC
PERF_MTHS_REQD,CATEGORICAL
PROBATION_EVENT_ID,CATEGORICAL
PROBATION_START_POU,DATE
PROBATION_STATUS_CD,CATEGORICAL
TRIAL_MTHS,CATEGORICAL
HOLD_MTHS_REMAINING,NUMERIC
PERF_HOLD_MTHS_REMAINING,CATEGORICAL
PROBATION_DEFAULT,CATEGORICAL
PROBATION_STATUS_DESC,CATEGORICAL
FIRST_DEFAULT_DT,DATE
LAST_EVENT_DESCRIPTION,CATEGORICAL
RATE_TYPE,CATEGORICAL
MNTHS_SINC_ACCT_OP_PERC_TERM,NUMERIC
MONTHS_RUN_PERC_MNTH_OPEN,NUMERIC
MONTHS_SINCE_ACCOUNT_OPEN,NUMERIC
INTEREST_INCOME,NUMERIC
EXPECTED_MNTHLY_CR_COMMITMENTS,NUMERIC
PAYMENT_METHOD,CATEGORICAL
PAYMENT_PROTECTION_FLAG,CATEGORICAL
CHQ_NUMBER_OF_CA,NUMERIC
CHQ_MAX_NUMDAYS_IN_DEBIT_3M,NUMERIC
CHQ_LMT_UTIL_AVG_BAL_6M,NUMERIC
CHQ_LMT_UTIL_MIN_BAL_6M,NUMERIC
NON_CHQ_OT_MAX_DELINQUENCY_CM,NUMERIC
TOTAL_DEPOSIT_SAVINGS_BALANCE,NUMERIC
NON_CHQ_RC_NUMBER_OF_RC,NUMERIC
NON_CHQ_RC_MAX_DEL_7_12M,NUMERIC
NON_CHQ_FT_MAX_DEL_L7_12M,NUMERIC
MONTHS_SINCE_CA_ACCOUNT_OPEN,NUMERIC
CURRENT_CA_BALANCE,NUMERIC
CURRENT_DAYS_IN_EXCESS,NUMERIC
CURRENT_MAX_AMOUNT_IN_EXCESS,NUMERIC
CURRENT_AVERAGE_LEDGER_BALANCE,NUMERIC
CURRENT_CREDIT_TURNOVER,NUMERIC
CURRENT_DEBIT_TURNOVER,NUMERIC
CURRENT_MINIMUM_BALANCE,NUMERIC
CURRENT_AVERAGE_CREDIT_BALANCE,NUMERIC
CURRENT_AVERAGE_DEBIT_BALANCE,NUMERIC
CURRENT_DAYS_IN_DEBIT,NUMERIC
UNAUTHORISED_INTEREST_INCOME,NUMERIC
CURRENT_DAYS_IN_CREDIT,NUMERIC
CURRENT_MIN_BAL_LMT_PERC,NUMERIC
CREDIT_TURNOVER_AVG_L3M,NUMERIC
CREDIT_TURNOVER_AVG_L6M,NUMERIC
DEBIT_TURNOVER_AVG_L3M,NUMERIC
DEBIT_TURNOVER_AVG_L6M,NUMERIC
DAYS_IN_EXCESS_MAX_L6M,NUMERIC
CREDIT_BALANCE_AVG_L6M,NUMERIC
DEBIT_BALANCE_AVG_L6M,NUMERIC
INTEREST_INCOME_AVG_L6M,NUMERIC
DAYS_IN_DEBIT_AVG_L6M,NUMERIC
DAYS_IN_CREDIT_AVG_L6M,NUMERIC
UNAUTH_INTEREST_INCOME_AVG_L6M,NUMERIC
UNAUTH_INTEREST_INCOME_CNT_L6M,NUMERIC
CUST_ALL_C_ACC_CNT,NUMERIC
CUST_ALL_T_ACC_CNT,NUMERIC
CUST_ALL_S_ACC_CNT,NUMERIC
CUST_ALL_D_ACC_CNT,NUMERIC
CUST_ALL_C_PAYMENTS_CR_AMT,NUMERIC
CUST_ALL_C_PYMTS_CR_AVG_L3M_AMT,NUMERIC
CUST_ALL_C_PYMTS_DR_AMT,NUMERIC
CUST_ALL_C_PYMTS_DR_AVG_L3M_AMT,NUMERIC
CUST_ALL_C_PYMTS_DR_AVG_L6M_AMT,NUMERIC
CUST_ALL_C_DAYS_IN_EXC_MAX_CNT,NUMERIC
CUST_ALL_C_DAYS_XS_MAX_L6M_CNT,NUMERIC
CUST_ALL_C_PYMTS_REV_DR_CNT,NUMERIC
CUST_ALL_C_PYMTS_REV_CR_CNT,NUMERIC
CUST_ALL_C_PYMTS_REV_DR_L6M_CNT,NUMERIC
CUST_ALL_C_PYMTS_REV_CR_L6M_CNT,NUMERIC
CUST_ALL_C_UNP_CHG_SUM_L6M_AMT,NUMERIC
CUST_ALL_C_REFER_SUM_L6M_AMT,NUMERIC
CUST_ALL_C_UNP_CHG_SUM_L6M_CNT,NUMERIC
CUST_ALL_C_REFER_SUM_L6M_CNT,NUMERIC
CUST_ALL_S_BALANCE_AMT,NUMERIC
CUST_ALL_D_BALANCE_AMT,NUMERIC
CUST_ALL_C_BALANCE_AMT,NUMERIC
CUST_ALL_C_BALANCE_AVG_MTD_AMT,NUMERIC
CUST_ALL_SD_AVG_C_BALANCE_AMT,NUMERIC
CUST_ALL_T_ARREARS_AMT,NUMERIC
CUST_ALL_FT_BALANCE_AMT,NUMERIC
CUST_ALL_T_BALANCE_DEFAULT_AMT,NUMERIC
CUST_ALL_M_BALANCE_DEFAULT_AMT,NUMERIC
CUST_ALL_M_IO_BALANCE_AMT,NUMERIC
CUST_ALL_C_LIMIT_AMT,NUMERIC
CUST_ALL_M_MAX_DELINQ_BASE_RT,NUMERIC
CUST_ALL_T_MAX_DELINQ_BASE_RT,NUMERIC
CUST_ALL_M_MAX_DEL_BS_L3M_RT,NUMERIC
CUST_ALL_T_MAX_DEL_BS_L3M_RT,NUMERIC
CUST_ALL_C_MIN_OPEN_DT,DATE
CUST_ALL_LAST_ARREARS_GT100_DT,DATE
CUST_ALL_LAST_DIST_FB_DT,DATE
CUST_ALL_LAST_DEFAULT_DT,DATE
CUST_ALL_LAST_IO_DT,DATE
PCKG_ID,IDENTIFIER
PCKG_THRU_TIME_ID,IDENTIFIER
PCKG_LATEST_AGMT_ID,IDENTIFIER
PCKG_LATEST_OPENED_DT,DATE
PCKG_LATEST_CREDIT_AGMT_ID,IDENTIFIER
PCKG_LATEST_CREDIT_OPENED_DT,DATE
PCKG_LATEST_APPL_NO,IDENTIFIER
PCKG_BOR1_BASIC_SAL_AMT,NUMERIC
PCKG_BOR2_BASIC_SAL_AMT,NUMERIC
PCKG_COMBINED_SALARY_AMT,NUMERIC
PCKG_BORR_ALL_TOTAL_INC_AMT,NUMERIC
PCKG_MODEL_COMBINED_SALARY_AMT,NUMERIC
PCKG_ARREARS_AMT,NUMERIC
PCKG_BALANCE_WAREHOUSE_AMT,NUMERIC
PCKG_DEFAULT_IND,CATEGORICAL
PCKG_NON_CI_IND,CATEGORICAL
PCKG_REPAY_AMT,NUMERIC
PCKG_REPAY_CALC_AMT,NUMERIC
PCKG_LAST_BILL_AMT,NUMERIC
PCKG_BALANCE_MVMT_AMT,NUMERIC
PCKG_ORIG_LOAN_EXCL_WHSE_AMT,NUMERIC
PCKG_OPEN_ACC_CNT,NUMERIC
PCKG_CNP_AMT,NUMERIC
PCKG_CNP_L3M_AMT,NUMERIC
PCKG_CNP_L6M_AMT,NUMERIC
PCKG_CNP_L6M_LAG1_AMT,NUMERIC
PCKG_CNP_L12M_AMT,NUMERIC
PCKG_CNP_AVG_L3M_AMT,NUMERIC
PCKG_CNP_AVG_L6M_AMT,NUMERIC
PCKG_CNP_AVG_L6M_LAG1_AMT,NUMERIC
PCKG_CNP_AVG_L12M_AMT,NUMERIC
PCKG_REPAY_L3M_AMT,NUMERIC
PCKG_REPAY_L6M_AMT,NUMERIC
PCKG_REPAY_L12M_AMT,NUMERIC
PCKG_LAST_BILL_L3M_AMT,NUMERIC
PCKG_LAST_BILL_L6M_AMT,NUMERIC
PCKG_LAST_BILL_L12M_AMT,NUMERIC
PCKG_BAL_MVMT_AMT_L3M_AMT,NUMERIC
PCKG_BAL_MVMT_AMT_L6M_AMT,NUMERIC
PCKG_BAL_MVMT_AMT_L12M_AMT,NUMERIC
PCKG_AVG_BAL_L3M_AMT,NUMERIC
PCKG_AVG_BAL_L6M_AMT,NUMERIC
PCKG_AVG_BAL_L6M_LAG1_AMT,NUMERIC
PCKG_AVG_BAL_L12M_AMT,NUMERIC
PCKG_AVG_BAL_L7_12M_AMT,NUMERIC
PCKG_RANK_EDW_COLL_ID,IDENTIFIER
PCKG_RANK_COLL_ID,IDENTIFIER
PCKG_RANK_COLL_COUNTY,CATEGORICAL
PCKG_RANK_ORIG_VAL_DT,DATE
PCKG_RANK_LATEST_VAL_DT,DATE
PCKG_RANK_VAL_INDEXED_AMT,NUMERIC
PCKG_BOVO_VAL_AMT,NUMERIC
PCKG_INDEXED_VAL_SUM_AMT,NUMERIC
PCKG_RANK_POST_CD,CATEGORICAL
PCKG_RANK_ORIG_VAL_AMT,NUMERIC
PCKG_REPO_COLLS_CNT,NUMERIC
PCKG_LATEST_AVS_DT,DATE
PCKG_LATEST_REPO_SALE_DESC,CATEGORICAL
PCKG_LATEST_REPO_SALE_GROUP_NM,CATEGORICAL
PCKG_REMAINING_COLLS_CNT,NUMERIC
PCKG_COLLS_SOLD_CNT,NUMERIC
PCKG_IN_POSSESSION_COLLS_CNT,NUMERIC
PCKG_FORCED_REPO_COLLS_CNT,NUMERIC
PCKG_VOLUNTARY_REPO_COLLS_CNT,NUMERIC
PCKG_AVS_SOLD_COLLS_CNT,NUMERIC
PCKG_AVS_IN_PROGRESS_COLLS_CNT,NUMERIC
PCKG_MTR_IN_PROGRESS_COLLS_CNT,NUMERIC
PCKG_LATEST_REPO_SALE_DT,DATE
IO_AT_ORIGINATION_IND,CATEGORICAL
MV_CUST_ALL_CHQ_UTIL_CM_RT,NUMERIC
MV_PCKG_BILL_TO_INC_RT,NUMERIC
MV_PCKG_SAV_DEP_TO_LAST_BILL_RT,NUMERIC
MV_PCKG_SAV_TO_ARREARS_RT,NUMERIC
MV_PCKG_AVG_CNP_TO_BAL_L6M_RT,NUMERIC
MV_PCKG_BAL_TO_COMBINED_INC_RT,NUMERIC
MV_PCKG_DSR_RT,NUMERIC
MV_ARRS_L6M_TO_ARRS_L7_TO_12M_RT,NUMERIC
MV_PCKG_BASIC_INC_TO_TOT_INC_RT,NUMERIC
MV_PCKG_ORIG_LOAN_TO_TOT_INC_RT,NUMERIC
MV_POSTCODE_RANK_REGION,CATEGORICAL
PPU_IND,CATEGORICAL
REPAY_TYPE_AT_ORIGINATION_CD,CATEGORICAL
CUST_NON_CI_IND,CATEGORICAL
ARREARS_DETERIORATED_IND,CATEGORICAL
LAST_DETERIORATION_DT,DATE
REISSUE_GROUP_ID,IDENTIFIER
REISSUE_GROUP_DESC,CATEGORICAL
REISSUE_DESC,CATEGORICAL
REISSUE_GROUP_ACC_CNT,NUMERIC
LINK_AGMT_ID,IDENTIFIER
LINK_SUB_TYPE_CD,CATEGORICAL
WAREHOUSE_IND,CATEGORICAL
SECURED_IND,CATEGORICAL
PCKG_LTV_SHORTFALL_IND,CATEGORICAL
PCKG_LTV_SHORTFALL_PIT_IND,CATEGORICAL
CHOFF_DT,DATE
NON_IRB_IND,CATEGORICAL
WRITEOFF_CREDIT_AMT,NUMERIC
ACC_PROBE_WAREHOUSE_ID,IDENTIFIER
ACCOMODATION_TYPE,CATEGORICAL
APPL_APP_NETS,NUMERIC
APPL_COMBINED_SALARY_AMT,NUMERIC
APPL_FINAL_DECISION_CD,CATEGORICAL
APPL_FINAL_SCORE,NUMERIC
APPL_FTB_IND,CATEGORICAL
APPL_LOAN_AMT,NUMERIC
APPL_LOAN_TO_VALUE,NUMERIC
APPL_NEW_PROPERTY_IND,CATEGORICAL
APPL_PROPERTY_TYPE_CD,CATEGORICAL
APPL_VALUATION_AMT,NUMERIC
BALANCE_MVMT_AVG_L12M_AMT,NUMERIC
BALANCE_MVMT_AVG_L3M_AMT,NUMERIC
BALANCE_MVMT_AVG_L6M_AMT,NUMERIC
BALANCE_MVMT_SUM_L12M_AMT,NUMERIC
BALANCE_MVMT_SUM_L3M_AMT,NUMERIC
BALANCE_MVMT_SUM_L6M_AMT,NUMERIC
BOR1_BASIC_SAL_AMT,NUMERIC
BOR1_BORR_SRCE,CATEGORICAL
BOR1_CUSTOMER_AGE,NUMERIC
BOR1_EMPLOYMENT_CD,CATEGORICAL
BOR1_NEW_EXIST_CUST,CATEGORICAL
BOR2_BASIC_SAL_AMT,NUMERIC
BOR2_BORR_SRCE,CATEGORICAL
BOR2_EMPLOYMENT_CD,CATEGORICAL
BOR2_NEW_EXIST_CUST,CATEGORICAL
CERTUS_LIST_IND,CATEGORICAL
CLOSED_EVER_DT,DATE
CLOSED_WAREHOUSE_DT,DATE
CU_AVG_CR_TRN_L6M,NUMERIC
CU_AVG_CREDIT_BALANCE_L6M,NUMERIC
CU_AVG_CURRENT_BALANCE_L6M,NUMERIC
CU_AVG_DEBIT_BALANCE_L6M,NUMERIC
CU_AVG_DEBIT_TURNOVER_L6M,NUMERIC
CU_AVG_INT_INC_L6M,NUMERIC
CU_AVG_LEDGER_BAL_L6M,NUMERIC
CU_AVG_MIN_CA_BAL_L6M,NUMERIC
CU_AVG_NUM_CREDIT_TRANS_L6M,NUMERIC
CU_AVG_NUM_DAYS_CREDIT_L6M,NUMERIC
CU_AVG_NUM_DAYS_DEBIT_L6M,NUMERIC
CU_AVG_NUM_DEBIT_TRANS_L6M,NUMERIC
CU_AVG_NUM_TOTAL_TRANS_L6M,NUMERIC
CU_AVG_UNAUTH_INT_INC_L6M,NUMERIC
CU_NUM_MTHS_UNAU_INT_INC_L6M,NUMERIC
CU_NUM_PAYMENT_REVERSALS_L6M,NUMERIC
CUST_ALL_C_PYMTS_CR_AVG_L6M_AMT,NUMERIC
CUST_ALL_M_ACC_CNT,NUMERIC
CUST_ALL_M_ARREARS_AMT,NUMERIC
CUST_ALL_M_BALANCE_DEFAULT_IND,CATEGORICAL
CUST_ALL_M_MAX_DEL_BS_L6M_RT,NUMERIC
CUST_ALL_MT_MAX_DELINQ_BASE_RT,NUMERIC
CUST_ALL_T_MAX_DEL_BS_L6M_RT,NUMERIC
CUST_DEATH_MIN_BEFORE_MVT_DT,DATE
CUTOVER_DT,DATE
DAYS_IN_EXCESS_MAX_L3M,NUMERIC
DEFAULT_AT_ORIGINATION_IND,CATEGORICAL
DEFAULT_IND,CATEGORICAL
DEFAULTED_EVER_IND,CATEGORICAL
DISTR_FORB_AT_OPENED_DT_IND,CATEGORICAL
ECL_AMT,NUMERIC
EXPIRED_MTHS_CNT,NUMERIC
FB_ACTIVE_IRB_TYPE,CATEGORICAL
FB_ACTIVE_IRB_WRST_TYPE,CATEGORICAL
FB_CATEGORY_IRB_DESC,CATEGORICAL
GB4_LIST_IND,CATEGORICAL
GBP_EXCL_IND,CATEGORICAL
HAWK_LIST_IND,CATEGORICAL
IO_IND,CATEGORICAL
IRB_REPO_EVER_IND,CATEGORICAL
ISO_CURRENT_MONTH_IND,CATEGORICAL
MAX_DEFAULT_L12M_IND,CATEGORICAL
MAX_DEFAULT_N12M_IND,CATEGORICAL
MAX_DPD_L12M_RT,NUMERIC
MAX_DPD_L6M,NUMERIC
MAX_DPD_L7_12M,NUMERIC
MAX_RDS_OBSERVED_DT,DATE
MONTHS_SINCE_LAST_ARREARS_CNT,NUMERIC
MONTHS_TO_DEFAULT_CNT,NUMERIC
MTHS_SINCE_DETERIORATION_CNT,NUMERIC
MV_ACC_BAL_TO_ORIG_VAL_RT,NUMERIC
MV_ACC_PYMT_TO_BAL_L3M_RT,NUMERIC
MV_ACC_PYMT_TO_BAL_L6M_RT,NUMERIC
MV_ACC_PYMT_TO_BAL_RT,NUMERIC
MV_ACC_PYMT_TO_BILL_L3M_RT,NUMERIC
MV_AMORTISATION_RT,NUMERIC
MV_BAL_TO_LOAN_AMT_RT,NUMERIC
MV_BASIC_FCF_AMT,NUMERIC
MV_CA_AVAIL_BAL_AVG_BILL_L6M_RT,NUMERIC
MV_CAP_PAID_PCT_AVG_BAL_L3M_RT,NUMERIC
MV_CAP_PAID_PCT_AVG_BAL_L6M_RT,NUMERIC
MV_CAP_PAID_PCT_BAL_L12M_RT,NUMERIC
MV_CAP_PAID_PCT_BAL_RT,NUMERIC
MV_CAP_PAID_PCT_PYMT_L12M_RT,NUMERIC
MV_CAP_PAID_PCT_PYMT_L3M_RT,NUMERIC
MV_CAP_PAID_PCT_PYMT_L6M_RT,NUMERIC
MV_CAP_PAID_PCT_PYMT_RT,NUMERIC
MV_CHARGE_OFF_EXCL_IND,CATEGORICAL
MV_CURRENT_SEGMENT_NM,CATEGORICAL
MV_CUST_ALL_MTHS_SNC_DIST_CNT,NUMERIC
MV_EXDAY_PAYREV,CATEGORICAL
MV_FINAL_SEGMENT_NM,CATEGORICAL
MV_PCKG_AVG_BAL_BAS_INC_L6M_RT,NUMERIC
MV_PCKG_AVG_BAL_L6M_TOT_INC_RT,NUMERIC
MV_PCKG_AVG_BAL_BAS_INC_L712M_RT,NUMERIC
MV_PCKG_AVG_PAY_TO_BAL_L6M_RT,NUMERIC
MV_PCKG_BAL_AMT_L6M_TO_L7T12M_RT,NUMERIC
MV_PCKG_BAL_TO_BOVO_VAL_RT,NUMERIC
MV_PCKG_BAL_TO_LATEST_VAL_RT,NUMERIC
MV_PCKG_BAL_TO_ORIG_VAL_RT,NUMERIC
MV_PCKG_BASIC_DISP_INC_TO_BAL_RT,NUMERIC
MV_PCKG_BAS_DISP_INC_ORG_LOAN_RT,NUMERIC
MV_PCKG_LOAN_TO_INC_RT,NUMERIC
MV_PCKG_PYMT_TO_BAL_L12M_RT,NUMERIC
MV_PCKG_PYMT_TO_BAL_L3M_RT,NUMERIC
MV_PCKG_REPAY_TO_INC_RT,NUMERIC
MV_PCKG_REPO_IND,CATEGORICAL
MV_PCKG_SAV_DEP_TO_BALANCE_RT,NUMERIC
MV_PCKG_SAV_DEP_TO_REPAY_RT,NUMERIC
MV_PROP_POSTCODE_NM,CATEGORICAL
MV_TOT_DEP_SAV_TO_ACC_BAL_RT,NUMERIC
MV_TOT_DEP_SAV_TO_CBILL_V3_RT,NUMERIC
MV_TOT_DEP_SAV_TO_PAYMT_RT,NUMERIC
NON_CHQ_FT_MAX_DELINQUENCY,NUMERIC
NSM_IND,CATEGORICAL
OPENED_WAREHOUSE_DT,DATE
PAYMENTS_REV_CR_CNT,NUMERIC
PAYOFF_TXN_IND,CATEGORICAL
PCKG_2ND_INC_OCC_DESC,CATEGORICAL
PCKG_BALANCE_AMT,NUMERIC
PCKG_BASIC_SAL_AMT_AMT,NUMERIC
PCKG_BORR_TOP2_TOTAL_INC_AMT,NUMERIC
PCKG_COLL_CNT,NUMERIC
PCKG_DISTR_FORB_TYPE_RANK_NUM,CATEGORICAL
PCKG_FTB_CALC_IND,CATEGORICAL
PCKG_HI_INC_OCC_DESC,CATEGORICAL
PCKG_INDEXED_LTV_RT,NUMERIC
PCKG_LATEST_REPO_DT,DATE
PCKG_ORIG_VAL_SUM_AMT,NUMERIC
PCKG_OTHER_ASSETS_IND,CATEGORICAL
PCKG_RANK_COLL_TYPE_CD,CATEGORICAL
PCKG_RANK_LATEST_VAL_AMT,NUMERIC
PCKG_RANK_PROP_TYPE_DESC,CATEGORICAL
PCKG_RANK_PROP_TYPE_GROUP,CATEGORICAL
PCKG_UNSECURED_IND,CATEGORICAL
PCKG_LATEST_CREDIT_VAL_SUM_AMT,NUMERIC
REPAY_AMT,NUMERIC
SECURITISED_DEAL_ID,CATEGORICAL
SFS_CREATED_DTIME,DATE
SFS_ID,IDENTIFIER
SPON_CD,CATEGORICAL
SYSTEM_PD_OUTCOME_NAME,CATEGORICAL
TRANCHE_NM,CATEGORICAL
VALID_DELEV_IND,CATEGORICAL
TTL_MNTLY_DBT,NUMERIC
TTL_MNTLY_REPAY_DUE,NUMERIC
TTL_OUTSTND_BAL,NUMERIC
TOTALNETMONTHLYINCOME,NUMERIC
TOTAL_MAINTENANCE,NUMERIC
TOTAL_GROSS_MTHLY_SALARY,NUMERIC
TOTAL_NET_MTHLY_SALARY,NUMERIC
TOTAL_INCOME_BORROWER_1,NUMERIC
TOTAL_INCOME_BORROWER_2,NUMERIC
TOTAL_MTHLY_EXPEND,NUMERIC
TOTAL_HOUSEHOLD,NUMERIC
DPD_HYBRID,NUMERIC
CU_NUM_MTHS_INT_INC_L6M,NUMERIC
MARITAL_STATUS,CATEGORICAL
MTHS_SINCE_CREDIT_ACCT_OPENED,NUMERIC
NON_CHQ_RC_CUST_LMT_UTIL,NUMERIC
NONCHQ_FT_MTHS_SINCE_PL_OPENED,NUMERIC
SA_MTHS_SINCE_LAST_SA_OPENED,NUMERIC
SA_NUMBER_OF_SA,NUMERIC
TOT_EXPCTD_MNTHLY_CR_CMMITMNTS,NUMERIC
TOTAL_FEE_INCOME,NUMERIC
TOTAL_INTEREST_INCOME,NUMERIC
CHQ_ANNUAL_CREDIT_TURNOVER,NUMERIC
CHQ_EXP_CR_TURNOVER_SEC_PERC,NUMERIC
CHQ_EXP_CR_TURNOVER_USEC_PERC,NUMERIC
CHQ_LMT_UTIL_AVG_BAL_CM,NUMERIC
CHQ_LMT_UTIL_MIN_BAL_CM,NUMERIC
CHQ_MAX_NUMDAYS_IN_DEBIT,NUMERIC
CHQ_MAX_NUMDAYS_IN_DEBIT_PCT,NUMERIC
CHQ_MTHS_SINCE_LAST_CA_OPENED,NUMERIC
CHQ_TOT_EXP_USEC_FACTORED,NUMERIC
CHQ_TOT_EXPCTD_CREDIT_TURNOVER,NUMERIC
CHQ_TOTAL_DAYS_IN_EXCESS,NUMERIC
CHQ_TOTAL_EXPOSURE_UNSECURED,NUMERIC
CHQ_TOTAL_NET_TURNOVER,NUMERIC
CUST_ALL_C_DAYS_IN_CONT_XS_CM,NUMERIC
CUST_ALL_C_MAX_DPD,NUMERIC
CUST_ALL_C_MAX_MTHS_SINCE_OPEN,NUMERIC
CUST_ALL_C_MIN_BAL_CM,NUMERIC
CUST_ALL_C_MIN_BAL_L6M,NUMERIC
CUST_ALL_C_PAYMENTS_CR_MAXAMT,NUMERIC
CUST_ALL_C_PYMTS_CR_L6M_MAXAMT,NUMERIC
CUST_ALL_C_PYMTS_DR_L6M_MAXAMT,NUMERIC
CUST_ALL_C_PYMTS_DR_MAXAMT,NUMERIC
CUST_ALL_C_TOT_SHADOWLMT_AMT_CM,NUMERIC
CUST_ALL_C_AVG_BAL_L3M,NUMERIC
CUST_ALL_C_AVG_BAL_L6M,NUMERIC
CUST_ALL_C_AVGMIN_BAL_L6M,NUMERIC
CUST_ALL_C_TOT_DAYS_XS_L3M,NUMERIC
CUST_ALL_LMT_UTIL_AVEBAL_3M_PCT,NUMERIC
CUST_ALL_LMT_UTIL_AVEBAL_6M_PCT,NUMERIC
CUST_ALL_V_ACC_CNT,NUMERIC
CUST_ALL_V_BALANCE_AMT,NUMERIC
CUST_ALL_V_DEBIT_BALANCE_AMT,NUMERIC
V_NUM_PAYMENT_REVERSALS_L6M,NUMERIC
CUST_ALL_V_MAX_DEF_L12M_IND,NUMERIC
CUST_ALL_V_MAX_DELINQ_BASE_RT,NUMERIC
CUST_ALL_V_MAX_DELINQ_L12M,NUMERIC
CUST_ALL_V_PAYMENTS_CR_TOTAMT,NUMERIC
CUST_ALL_V_TOT_ARREARS_AMT_CM,NUMERIC
CUST_ALL_V_TOT_LIMIT_AMT_CM,NUMERIC
V_MAX_DELINQUENCY_L12M,NUMERIC
CUST_ALL_V_TOT_NET_SALES_CM,NUMERIC
CUST_ALL_V_TOT_SHADOWLMT_AMT_CM,NUMERIC
CUST_ALL_V_TOT_WRITEOFF_AMT_CM,NUMERIC
V_CURRENT_DELINQUENCY,NUMERIC
V_CURRENT_NET_PAYMENTS,NUMERIC
CUST_ALL_V_PYMTS_DR_TOTAMT,NUMERIC
CUST_ALL_V_CASH_ADV_AMT_L6M,NUMERIC
CUST_ALL_V_MAX_BAL_L6M,NUMERIC
CUST_ALL_V_EXPOSURE_AMT,NUMERIC
CUST_ALL_V_MAX_DEF_IND_CM,NUMERIC
CUST_ALL_V_MAX_DPD_CM,NUMERIC
CUST_ALL_V_CASH_ADV_AMT,NUMERIC
CUST_ALL_V_PYMTS_CR_TOTAMT,NUMERIC
CUST_ALL_V_PYMTS_REV_CR_CNT,NUMERIC
CUST_ALL_V_PYMTS_REV_CR_L6M_CNT,NUMERIC
CUST_ALL_V_PYMTS_REV_DR_CNT,NUMERIC
CUST_ALL_V_PYMTS_REV_DR_L6M_CNT,NUMERIC
CALC_CUST_ALL_V_LMT_UTILSN_CM,NUMERIC
CALC_CA_CURR_MINBAL_LIMIT_PERC,NUMERIC
CALC_CA_LMT_UTILSN_CURR_MNTH,NUMERIC
CALC_CUST_ALL_CALC_ARREARS_SPLIT,NUMERIC
CALC_CUST_ALL_CHNG_CR_TURNOVER,NUMERIC
CALC_CUST_ALL_MAX_BAL_LIM_PC_L6M,NUMERIC
CALC_CUST_ALL_PAYMENT_STMT_BAL,NUMERIC
CALC_CUST_ALL_V_MAX_CYC_DPD_L12M,NUMERIC
CUST_ALL_CURR_BALANCE_LAG_STMT,NUMERIC
POSITIVE_ARREARS_AMT,NUMERIC
TOTAL_COST,NUMERIC
COL_ENERGY_RATING,CATEGORICAL
COL_KWH_M2_YR,NUMERIC
COL_BER_ISSUE_DT,DATE
COL_BER_RATING_TYPE,CATEGORICAL
COL_BER_TOOL,CATEGORICAL
COL_PROPERTY_TYPE,CATEGORICAL
COL_CONSTRUCT_YR,NUMERIC
COL_FLOOR_AREA,NUMERIC
MIN_FLOODSCORE_DEF,NUMERIC
MAX_FLOODSCORE_DEF,NUMERIC
MIN_RCP85_2021_2025_FLOODSCR_DEF,NUMERIC
MAX_RCP85_2021_2025_FLOODSCR_DEF,NUMERIC
MIN_RCP85_2026_2030_FLOODSCR_DEF,NUMERIC
MAX_RCP85_2026_2030_FLOODSCR_DEF,NUMERIC
MIN_RCP85_2041_2045_FLOODSCR_DEF,NUMERIC
MAX_RCP85_2041_2045_FLOODSOR_DEF,NUMERIC
MIN_RCP85_2046_2050_FLOODSCR_DEF,NUMERIC
MAX_RCP85_2046_2050_FLOODSCR_DEF,NUMERIC
MIN_RCP85_2076_2080_FLOODSCR_DEF,NUMERIC
MAX_RCP85_2076_2080_FLOODSCR_DEF,NUMERIC
VISA_IND,CATEGORICAL
PD_SEG_BILL_AMT_PCKG,NUMERIC
CUST_ALL_V_PAYMENTS_DR_TOTAMT,NUMERIC
CUST_ALL_V_MAX_BAL_L3M,NUMERIC
